{
	"partitions" : [
		{
			"name" : "Top",
			"pins" : [
				{
					"name" : "clk_1s",
					"strict" : false
				},
				{
					"name" : "low[0]",
					"strict" : false
				},
				{
					"name" : "low[1]",
					"strict" : false
				},
				{
					"name" : "low[2]",
					"strict" : false
				},
				{
					"name" : "low[3]",
					"strict" : false
				},
				{
					"name" : "high[0]",
					"strict" : false
				},
				{
					"name" : "high[1]",
					"strict" : false
				},
				{
					"name" : "high[2]",
					"strict" : false
				},
				{
					"name" : "high[3]",
					"strict" : false
				},
				{
					"name" : "sign",
					"strict" : false
				},
				{
					"name" : "HEX0[0]",
					"strict" : false
				},
				{
					"name" : "HEX0[1]",
					"strict" : false
				},
				{
					"name" : "HEX0[2]",
					"strict" : false
				},
				{
					"name" : "HEX0[3]",
					"strict" : false
				},
				{
					"name" : "HEX0[4]",
					"strict" : false
				},
				{
					"name" : "HEX0[5]",
					"strict" : false
				},
				{
					"name" : "HEX0[6]",
					"strict" : false
				},
				{
					"name" : "HEX1[0]",
					"strict" : false
				},
				{
					"name" : "HEX1[1]",
					"strict" : false
				},
				{
					"name" : "HEX1[2]",
					"strict" : false
				},
				{
					"name" : "HEX1[3]",
					"strict" : false
				},
				{
					"name" : "HEX1[4]",
					"strict" : false
				},
				{
					"name" : "HEX1[5]",
					"strict" : false
				},
				{
					"name" : "HEX1[6]",
					"strict" : false
				},
				{
					"name" : "start",
					"strict" : false
				},
				{
					"name" : "clk",
					"strict" : false
				},
				{
					"name" : "clr_n",
					"strict" : false
				}
			]
		}
	]
}